{
  "bias": 1.1121078872853636,
  "center_control": -0.26276215173609196,
  "my_half_four": 0.010016675177726348,
  "my_half_three": -0.349224324714099,
  "my_open_four": -0.10042139670129611,
  "my_open_three": -0.12428037042443328,
  "my_open_two": -0.1415744039925116,
  "my_stones": -0.3402042869517037,
  "opp_half_four": 0.33421308192054267,
  "opp_half_three": -0.021879802667955417,
  "opp_open_four": 0.9171699883226586,
  "opp_open_three": 0.3493334304402072,
  "opp_open_two": 0.15453063008373957
}