{
  "empty": 134.00568753827633,
  "my_blocked4_and_jump3": -3.63254969101363,
  "my_blocked4_and_jump4": 0.5245526913863978,
  "my_blocked4_and_live3": -6.1360069859089394,
  "my_blocked_four": 2.8084308966371556,
  "my_blocked_jump_four": -3.6204260809187323,
  "my_blocked_jump_three": -4.829176299955729,
  "my_blocked_three": -25.542828159490366,
  "my_blocked_two": -13.891714665539768,
  "my_double_blocked_four": -0.19941980825258726,
  "my_double_jump_four": 0.48122796394372924,
  "my_double_jump_three": -0.6461287297085727,
  "my_double_live_three": 7.1614061810574094,
  "my_jump3_and_live3": 11.786532341849746,
  "my_jump_four": 22.78794123079256,
  "my_jump_three": 20.30922514756102,
  "my_live_four": 58.83756846389157,
  "my_live_three": 28.873823903934685,
  "my_live_two": 13.785968985178862,
  "my_stones": 209.2194886093272,
  "opp_blocked4_and_jump3": -6.210780074282815,
  "opp_blocked4_and_jump4": 0.1,
  "opp_blocked4_and_live3": -5.084194310024557,
  "opp_blocked_four": -20.81460010288342,
  "opp_blocked_jump_four": -11.748670841725602,
  "opp_blocked_jump_three": -11.82159768892174,
  "opp_blocked_three": -27.856141566451697,
  "opp_blocked_two": -22.161654812641093,
  "opp_double_blocked_four": -0.8999999999999999,
  "opp_double_jump_three": 2.2199175491594754,
  "opp_double_live_three": -0.7483584713620166,
  "opp_jump3_and_live3": -1.5720216829451619,
  "opp_jump_four": -9.758379397129431,
  "opp_jump_three": 2.199424093712219,
  "opp_live_four": -9.117708111824363,
  "opp_live_three": -18.948120660084346,
  "opp_live_two": -11.63904995033903,
  "opp_stones": 122.35441145721404
}