{
  "bias": 0.6900745949367103,
  "center_control": -0.24706212403708944,
  "my_half_four": -0.06272283879904171,
  "my_half_three": -0.19999680991080684,
  "my_open_four": -0.060854332680816414,
  "my_open_three": 0.1445658494208559,
  "my_open_two": -0.09203898765207073,
  "my_stones": -0.3254804991948518,
  "opp_half_four": 0.37945804485529366,
  "opp_half_three": 0.13290081008878066,
  "opp_open_four": 0.780790706583126,
  "opp_open_three": 0.19720886351665776,
  "opp_open_two": 0.14453567302609027
}